"ZR94KCE-TFD",,"R407C"
Version,"8.5.3.3316 / 44475"


Liquid Subcooling,,"8.33","K"
Voltage,,"400","V"
Power Supply,,"380-420 V / 3~ / 50 Hz"
Suction Superheat,,"11.11","K"
Swept Volume,,"127.00","cm³"
Dew Point


,C0,C1,C2,C3,C4,C5,C6,C7,C8,C9
"Cooling Capacity," kW,"25.001281872936","1.046541996679","-0.043524727199","0.019018405656","-0.008924456162","-0.000634294885","0.000120598572","-0.000211684823","0.000071980376","-0.000023244155"

"Power," kW,"1.593619280012","-0.003033618084","0.089825116059","0.000060078983","0.000382096928","-0.000994964235","0.000003586149","-0.000007158856","-0.000008644012","0.000021589793"

"Current," A,"7.991225107896","-0.003501532856","0.050577389832","0.000139966898","0.000454779976","-0.000845875644","0.000001923155","-0.000009820755","-0.000010257813","0.000028968905"

"Suction Mass Flow," g/s,"108.478271138979","4.454699707720","0.014397621081","0.079483249399","-0.038247476294","0.015121623972","0.000560375007","-0.000810938809","0.000751155478","-0.000281190381"

,X = C0 + C1*S + C2*D + C3*S^2 + C4*S*D + C5*D^2 + C6*S^3 + C7*D*S^2 +C8*S*D^2 + C9*D^3

,"X = Cooling Capacity, kW; Power Input, kW; Current, A; Suction Mass Flow, g/s"
,"S = Evaporating Temperature, °C"
,"D = Cond. Temp., °C"

WARNING - Data from coefficients valid only within operating range
WARNING - Cooling capacity is valid only for the given Liquid Subcooling and Return Gas Temperature or Suction Superheat

