model,area_surface,area_frontal,dry_c0,dry_c1,dry_c2
hec274,52.18,0.6858,8.618448398,2.312017751,-0.046630612
